{
    "in the": 0.012711864406779662,
    "the heart": 0.0078125,
    "heart of": 0.008583690987124463,
    "of an": 0.012345679012345678,
    "an ancient": 0.012658227848101266,
    "ancient kingdom": 0.008547008547008548,
    "kingdom nestled": 0.008547008547008548,
    "nestled between": 0.008583690987124463,
    "between towering": 0.008583690987124463,
    "towering mountains": 0.008583690987124463,
    "mountains and": 0.008583690987124463,
    "and vast": 0.008064516129032258,
    "vast rivers": 0.008547008547008548,
    "rivers there": 0.008583690987124463,
    "there lay": 0.008583690987124463,
    "lay a": 0.01276595744680851,
    "a prosperous": 0.00823045267489712,
    "prosperous city": 0.008583690987124463,
    "city called": 0.008368200836820083,
    "called eldoria": 0.008547008547008548,
    "eldoria the": 0.008333333333333333,
    "the city": 0.0234375,
    "city was": 0.008368200836820083,
    "was renowned": 0.00847457627118644,
    "renowned for": 0.008583690987124463,
    "for its": 0.00847457627118644,
    "its grand": 0.008403361344537815,
    "grand libraries": 0.008583690987124463,
    "libraries bustling": 0.008583690987124463,
    "bustling marketplaces": 0.008583690987124463,
    "marketplaces and": 0.008583690987124463,
    "and majestic": 0.008064516129032258,
    "majestic palaces": 0.008583690987124463,
    "palaces scholars": 0.008583690987124463,
    "scholars from": 0.008583690987124463,
    "from distant": 0.00851063829787234,
    "distant lands": 0.008583690987124463,
    "lands traveled": 0.008583690987124463,
    "traveled to": 0.008583690987124463,
    "to eldoria": 0.008298755186721992,
    "eldoria to": 0.008333333333333333,
    "to study": 0.008298755186721992,
    "study its": 0.008583690987124463,
    "its vast": 0.008403361344537815,
    "vast collection": 0.008547008547008548,
    "collection of": 0.008583690987124463,
    "of tomes": 0.00823045267489712,
    "tomes while": 0.008583690987124463,
    "while traders": 0.008583690987124463,
    "traders brought": 0.008583690987124463,
    "brought exotic": 0.008583690987124463,
    "exotic goods": 0.008583690987124463,
    "goods from": 0.008583690987124463,
    "from faraway": 0.00851063829787234,
    "faraway continents": 0.008583690987124463,
    "continents the": 0.008583690987124463,
    "the streets": 0.0078125,
    "streets were": 0.008583690987124463,
    "were always": 0.008547008547008548,
    "always filled": 0.008583690987124463,
    "filled with": 0.008583690987124463,
    "with lively": 0.008403361344537815,
    "lively chatter": 0.008583690987124463,
    "chatter musicians": 0.008583690987124463,
    "musicians playing": 0.008583690987124463,
    "playing their": 0.008583690987124463,
    "their melodies": 0.00851063829787234,
    "melodies and": 0.008583690987124463,
    "and artisans": 0.008064516129032258,
    "artisans displaying": 0.008583690987124463,
    "displaying their": 0.008583690987124463,
    "their intricate": 0.00851063829787234,
    "intricate crafts": 0.008547008547008548,
    "crafts eldoria": 0.008583690987124463,
    "eldoria s": 0.0125,
    "s ruler": 0.008438818565400843,
    "ruler king": 0.008583690987124463,
    "king alden": 0.01282051282051282,
    "alden was": 0.00851063829787234,
    "was a": 0.00847457627118644,
    "a wise": 0.00823045267489712,
    "wise and": 0.008583690987124463,
    "and just": 0.008064516129032258,
    "just leader": 0.008547008547008548,
    "leader he": 0.008583690987124463,
    "he valued": 0.008547008547008548,
    "valued knowledge": 0.008583690987124463,
    "knowledge above": 0.008547008547008548,
    "above all": 0.008583690987124463,
    "all and": 0.008583690987124463,
    "and often": 0.008064516129032258,
    "often sought": 0.008583690987124463,
    "sought counsel": 0.008583690987124463,
    "counsel from": 0.008583690987124463,
    "from the": 0.00851063829787234,
    "the wisest": 0.0078125,
    "wisest sages": 0.008583690987124463,
    "sages under": 0.008583690987124463,
    "under his": 0.008583690987124463,
    "his reign": 0.00851063829787234,
    "reign the": 0.008583690987124463,
    "city flourished": 0.008368200836820083,
    "flourished and": 0.008583690987124463,
    "and peace": 0.008064516129032258,
    "peace reigned": 0.008583690987124463,
    "reigned for": 0.008583690987124463,
    "for decades": 0.00847457627118644,
    "decades however": 0.008583690987124463,
    "however beyond": 0.008583690987124463,
    "beyond the": 0.008583690987124463,
    "the serene": 0.0078125,
    "serene landscape": 0.008583690987124463,
    "landscape shadows": 0.008583690987124463,
    "shadows of": 0.008583690987124463,
    "of unrest": 0.00823045267489712,
    "unrest lurked": 0.008583690987124463,
    "lurked whispers": 0.008583690987124463,
    "whispers of": 0.008583690987124463,
    "an impending": 0.008438818565400843,
    "impending invasion": 0.008583690987124463,
    "invasion spread": 0.008583690987124463,
    "spread like": 0.008583690987124463,
    "like wildfire": 0.008583690987124463,
    "wildfire a": 0.008583690987124463,
    "a neighboring": 0.00823045267489712,
    "neighboring kingdom": 0.008583690987124463,
    "kingdom envious": 0.008547008547008548,
    "envious of": 0.008583690987124463,
    "of eldoria": 0.012345679012345678,
    "s prosperity": 0.008438818565400843,
    "prosperity was": 0.008583690987124463,
    "was amassing": 0.00847457627118644,
    "amassing an": 0.008583690987124463,
    "an army": 0.008438818565400843,
    "army at": 0.008583690987124463,
    "at its": 0.01282051282051282,
    "its borders": 0.008403361344537815,
    "borders alden": 0.008583690987124463,
    "alden summoned": 0.00851063829787234,
    "summoned his": 0.008583690987124463,
    "his council": 0.00851063829787234,
    "council and": 0.008583690987124463,
    "and devised": 0.008064516129032258,
    "devised a": 0.008583690987124463,
    "a strategy": 0.00823045267489712,
    "strategy to": 0.008583690987124463,
    "to defend": 0.008298755186721992,
    "defend his": 0.008583690987124463,
    "his beloved": 0.00851063829787234,
    "beloved city": 0.008583690987124463,
    "city he": 0.008368200836820083,
    "he called": 0.008547008547008548,
    "called upon": 0.008547008547008548,
    "upon the": 0.00851063829787234,
    "the bravest": 0.0078125,
    "bravest knights": 0.008583690987124463,
    "knights skilled": 0.008583690987124463,
    "skilled archers": 0.008583690987124463,
    "archers and": 0.008583690987124463,
    "and formidable": 0.008064516129032258,
    "formidable mages": 0.008583690987124463,
    "mages to": 0.008583690987124463,
    "to stand": 0.012448132780082987,
    "stand ready": 0.008547008547008548,
    "ready the": 0.008583690987124463,
    "city s": 0.008368200836820083,
    "s defenses": 0.008438818565400843,
    "defenses were": 0.008583690987124463,
    "were fortified": 0.008547008547008548,
    "fortified and": 0.008583690987124463,
    "and its": 0.008064516129032258,
    "its people": 0.012605042016806723,
    "people prepared": 0.00851063829787234,
    "prepared for": 0.008583690987124463,
    "for the": 0.00847457627118644,
    "the storm": 0.0078125,
    "storm ahead": 0.008583690987124463,
    "ahead meanwhile": 0.008583690987124463,
    "meanwhile a": 0.008583690987124463,
    "a young": 0.00823045267489712,
    "young scholar": 0.008583690987124463,
    "scholar named": 0.008583690987124463,
    "named liora": 0.008583690987124463,
    "liora stumbled": 0.00847457627118644,
    "stumbled upon": 0.008583690987124463,
    "upon an": 0.00851063829787234,
    "ancient prophecy": 0.008547008547008548,
    "prophecy hidden": 0.008547008547008548,
    "hidden deep": 0.008547008547008548,
    "deep within": 0.008583690987124463,
    "within the": 0.008583690987124463,
    "the royal": 0.0078125,
    "royal archives": 0.008583690987124463,
    "archives the": 0.008583690987124463,
    "the prophecy": 0.0078125,